"module name","license","repository"
"@socket.io/component-emitter@3.1.0","MIT","https://github.com/socketio/emitter"
"@types/cookie@0.4.1","MIT","https://github.com/DefinitelyTyped/DefinitelyTyped"
"@types/cors@2.8.13","MIT","https://github.com/DefinitelyTyped/DefinitelyTyped"
"@types/node@18.14.2","MIT","https://github.com/DefinitelyTyped/DefinitelyTyped"
"abbrev@1.1.1","ISC","https://github.com/isaacs/abbrev-js"
"accepts@1.3.8","MIT","https://github.com/jshttp/accepts"
"accord@0.26.4","MIT","https://github.com/jenius/accord"
"align-text@0.1.4","MIT","https://github.com/jonschlinkert/align-text"
"amdefine@1.0.1","BSD-3-Clause OR MIT","https://github.com/jrburke/amdefine"
"angular-multiple-select@1.1.3","MIT","https://github.com/jagdeep-singh/angularMultipleSelect"
"annotate-client@1.84.0","BSD-2-Clause","https://github.com/hypothesis/client"
"ansi-cyan@0.1.1","MIT","https://github.com/jonschlinkert/ansi-cyan"
"ansi-gray@0.1.1","MIT","https://github.com/jonschlinkert/ansi-gray"
"ansi-red@0.1.1","MIT","https://github.com/jonschlinkert/ansi-red"
"ansi-regex@0.2.1","MIT","https://github.com/sindresorhus/ansi-regex"
"ansi-regex@2.1.1","MIT","https://github.com/chalk/ansi-regex"
"ansi-regex@5.0.1","MIT","https://github.com/chalk/ansi-regex"
"ansi-styles@1.1.0","MIT","https://github.com/sindresorhus/ansi-styles"
"ansi-styles@2.2.1","MIT","https://github.com/chalk/ansi-styles"
"ansi-styles@3.2.1","MIT","https://github.com/chalk/ansi-styles"
"ansi-styles@4.3.0","MIT","https://github.com/chalk/ansi-styles"
"ansi-wrap@0.1.0","MIT","https://github.com/jonschlinkert/ansi-wrap"
"anymatch@3.1.3","ISC","https://github.com/micromatch/anymatch"
"append-buffer@1.0.2","MIT","https://github.com/doowb/append-buffer"
"archy@1.0.0","MIT","https://github.com/substack/node-archy"
"arr-diff@1.1.0","MIT","https://github.com/jonschlinkert/arr-diff"
"arr-diff@4.0.0","MIT","https://github.com/jonschlinkert/arr-diff"
"arr-flatten@1.1.0","MIT","https://github.com/jonschlinkert/arr-flatten"
"arr-union@2.1.0","MIT","https://github.com/jonschlinkert/arr-union"
"arr-union@3.1.0","MIT","https://github.com/jonschlinkert/arr-union"
"array-differ@1.0.0","MIT","https://github.com/sindresorhus/array-differ"
"array-each@1.0.1","MIT","https://github.com/jonschlinkert/array-each"
"array-find-index@1.0.2","MIT","https://github.com/sindresorhus/array-find-index"
"array-slice@0.2.3","MIT","https://github.com/jonschlinkert/array-slice"
"array-slice@1.1.0","MIT","https://github.com/jonschlinkert/array-slice"
"array-union@1.0.2","MIT","https://github.com/sindresorhus/array-union"
"array-uniq@1.0.3","MIT","https://github.com/sindresorhus/array-uniq"
"array-unique@0.3.2","MIT","https://github.com/jonschlinkert/array-unique"
"arrify@1.0.1","MIT","https://github.com/sindresorhus/arrify"
"asap@2.0.6","MIT","https://github.com/kriskowal/asap"
"assign-symbols@1.0.0","MIT","https://github.com/jonschlinkert/assign-symbols"
"async-each-series@0.1.1","MIT","https://github.com/jb55/async-each-series"
"async@1.5.2","MIT","https://github.com/caolan/async"
"async@2.6.4","MIT","https://github.com/caolan/async"
"atob@2.1.2","(MIT OR Apache-2.0)","git://git.coolaj86.com/coolaj86/atob.js"
"axios@0.21.4","MIT","https://github.com/axios/axios"
"balanced-match@1.0.2","MIT","https://github.com/juliangruber/balanced-match"
"base64id@2.0.0","MIT","https://github.com/faeldt/base64id"
"base@0.11.2","MIT","https://github.com/node-base/base"
"batch@0.6.1","MIT","https://github.com/visionmedia/batch"
"beeper@1.1.1","MIT","https://github.com/sindresorhus/beeper"
"binary-extensions@2.2.0","MIT","https://github.com/sindresorhus/binary-extensions"
"body-parser@1.14.2","MIT","https://github.com/expressjs/body-parser"
"bower@1.8.14","MIT","https://github.com/bower/bower"
"brace-expansion@1.1.11","MIT","https://github.com/juliangruber/brace-expansion"
"braces@2.3.2","MIT","https://github.com/micromatch/braces"
"braces@3.0.2","MIT","https://github.com/micromatch/braces"
"browser-sync-client@2.28.1","ISC","https://github.com/shakyshane/browser-sync-client"
"browser-sync-ui@2.28.1","Apache-2.0","https://github.com/BrowserSync/UI"
"browser-sync@2.28.1","Apache-2.0","https://github.com/BrowserSync/browser-sync"
"bs-recipes@1.3.4","ISC","https://github.com/BrowserSync/recipes"
"bs-snippet-injector@2.0.1","MIT","https://github.com/shakyShane/bs-snippet-injector"
"buffer-equal@1.0.1","MIT","https://github.com/inspect-js/buffer-equal"
"bufferutil@4.0.7","MIT","https://github.com/websockets/bufferutil"
"bytes@2.2.0","MIT","https://github.com/visionmedia/bytes.js"
"bytes@2.4.0","MIT","https://github.com/visionmedia/bytes.js"
"bytes@3.1.2","MIT","https://github.com/visionmedia/bytes.js"
"cache-base@1.0.1","MIT","https://github.com/jonschlinkert/cache-base"
"call-bind@1.0.2","MIT","https://github.com/ljharb/call-bind"
"camelcase-keys@2.1.0","MIT","https://github.com/sindresorhus/camelcase-keys"
"camelcase@1.2.1","MIT","https://github.com/sindresorhus/camelcase"
"camelcase@2.1.1","MIT","https://github.com/sindresorhus/camelcase"
"center-align@0.1.3","MIT","https://github.com/jonschlinkert/center-align"
"chalk@0.5.1","MIT","https://github.com/sindresorhus/chalk"
"chalk@1.1.3","MIT","https://github.com/chalk/chalk"
"chalk@2.4.2","MIT","https://github.com/chalk/chalk"
"chalk@4.1.2","MIT","https://github.com/chalk/chalk"
"char-props@0.1.5","MIT","https://github.com/twolfson/char-props"
"chokidar@3.5.3","MIT","https://github.com/paulmillr/chokidar"
"ckeditor4@4.21.0","(GPL-2.0 OR LGPL-2.1 OR MPL-1.1)","https://github.com/ckeditor/ckeditor4-releases"
"class-utils@0.3.6","MIT","https://github.com/jonschlinkert/class-utils"
"clean-css@3.4.28","MIT","https://github.com/jakubpawlowicz/clean-css"
"cliui@2.1.0","ISC","https://github.com/bcoe/cliui"
"cliui@7.0.4","ISC","https://github.com/yargs/cliui"
"cliui@8.0.1","ISC","https://github.com/yargs/cliui"
"clone-buffer@1.0.0","MIT","https://github.com/gulpjs/clone-buffer"
"clone-stats@0.0.1","MIT","https://github.com/hughsk/clone-stats"
"clone-stats@1.0.0","MIT","https://github.com/hughsk/clone-stats"
"clone@0.2.0","MIT","https://github.com/pvorb/node-clone"
"clone@1.0.4","MIT","https://github.com/pvorb/node-clone"
"clone@2.1.2","MIT","https://github.com/pvorb/node-clone"
"cloneable-readable@1.1.3","MIT","https://github.com/mcollina/cloneable-readable"
"collection-visit@1.0.0","MIT","https://github.com/jonschlinkert/collection-visit"
"color-convert@1.9.3","MIT","https://github.com/Qix-/color-convert"
"color-convert@2.0.1","MIT","https://github.com/Qix-/color-convert"
"color-name@1.1.3","MIT","https://github.com/dfcreative/color-name"
"color-name@1.1.4","MIT","https://github.com/colorjs/color-name"
"color-support@1.1.3","ISC","https://github.com/isaacs/color-support"
"commander@2.20.3","MIT","https://github.com/tj/commander.js"
"commander@2.8.1","MIT","https://github.com/tj/commander.js"
"component-emitter@1.3.0","MIT","https://github.com/component/emitter"
"concat-map@0.0.1","MIT","https://github.com/substack/node-concat-map"
"concat-with-sourcemaps@1.1.0","ISC","https://github.com/floridoo/concat-with-sourcemaps"
"connect-history-api-fallback@1.6.0","MIT","https://github.com/bripkens/connect-history-api-fallback"
"connect@3.6.6","MIT","https://github.com/senchalabs/connect"
"content-type@1.0.5","MIT","https://github.com/jshttp/content-type"
"convert-source-map@1.9.0","MIT","https://github.com/thlorenz/convert-source-map"
"cookie@0.4.2","MIT","https://github.com/jshttp/cookie"
"copy-descriptor@0.1.1","MIT","https://github.com/jonschlinkert/copy-descriptor"
"core-util-is@1.0.3","MIT","https://github.com/isaacs/core-util-is"
"cors@2.8.5","MIT","https://github.com/expressjs/cors"
"css-parse@2.0.0","MIT","https://github.com/reworkcss/css-parse"
"css@2.2.4","MIT","https://github.com/reworkcss/css"
"csv-parser@3.0.0","MIT","https://github.com/mafintosh/csv-parser"
"currently-unhandled@0.4.1","MIT","https://github.com/jamestalmage/currently-unhandled"
"dateformat@1.0.12","MIT","https://github.com/felixge/node-dateformat"
"dateformat@2.2.0","MIT","https://github.com/felixge/node-dateformat"
"debug@2.2.0","MIT","https://github.com/visionmedia/debug"
"debug@2.6.9","MIT","https://github.com/visionmedia/debug"
"debug@3.1.0","MIT","https://github.com/visionmedia/debug"
"debug@3.2.7","MIT","https://github.com/visionmedia/debug"
"debug@4.3.2","MIT","https://github.com/visionmedia/debug"
"debug@4.3.4","MIT","https://github.com/debug-js/debug"
"debuglog@1.0.1","MIT","https://github.com/sam-github/node-debuglog"
"decamelize@1.2.0","MIT","https://github.com/sindresorhus/decamelize"
"decode-uri-component@0.2.2","MIT","https://github.com/SamVerschueren/decode-uri-component"
"defaults@1.0.4","MIT","https://github.com/sindresorhus/node-defaults"
"define-properties@1.2.0","MIT","https://github.com/ljharb/define-properties"
"define-property@0.2.5","MIT","https://github.com/jonschlinkert/define-property"
"define-property@1.0.0","MIT","https://github.com/jonschlinkert/define-property"
"define-property@2.0.2","MIT","https://github.com/jonschlinkert/define-property"
"depd@1.1.2","MIT","https://github.com/dougwilson/nodejs-depd"
"depd@2.0.0","MIT","https://github.com/dougwilson/nodejs-depd"
"deprecated@0.0.1","MIT","https://github.com/wearefractal/deprecated"
"destroy@1.0.4","MIT","https://github.com/stream-utils/destroy"
"detect-file@1.0.0","MIT","https://github.com/doowb/detect-file"
"dev-ip@1.0.1","MIT","https://github.com/shakyshane/dev-ip"
"dezalgo@1.0.4","ISC","https://github.com/npm/dezalgo"
"duplexer2@0.0.2","BSD*","https://github.com/deoxxa/duplexer2"
"duplexer@0.1.2","MIT","https://github.com/Raynos/duplexer"
"duplexify@3.7.1","MIT","https://github.com/mafintosh/duplexify"
"easy-extender@2.3.4","Apache-2.0","https://github.com/shakyshane/easy-extender"
"eazy-logger@4.0.0","Apache 2.0","https://github.com/shakyshane/easy-logger"
"ee-first@1.1.1","MIT","https://github.com/jonathanong/ee-first"
"emoji-regex@8.0.0","MIT","https://github.com/mathiasbynens/emoji-regex"
"encodeurl@1.0.2","MIT","https://github.com/pillarjs/encodeurl"
"end-of-stream@0.1.5","MIT","https://github.com/mafintosh/end-of-stream"
"end-of-stream@1.4.4","MIT","https://github.com/mafintosh/end-of-stream"
"engine.io-client@6.4.0","MIT","https://github.com/socketio/engine.io-client"
"engine.io-parser@5.0.6","MIT","https://github.com/socketio/engine.io-parser"
"engine.io@6.4.1","MIT","https://github.com/socketio/engine.io"
"error-ex@1.3.2","MIT","https://github.com/qix-/node-error-ex"
"escalade@3.1.1","MIT","https://github.com/lukeed/escalade"
"escape-html@1.0.3","MIT","https://github.com/component/escape-html"
"escape-string-regexp@1.0.5","MIT","https://github.com/sindresorhus/escape-string-regexp"
"etag@1.8.1","MIT","https://github.com/jshttp/etag"
"event-stream@3.3.2","MIT","https://github.com/dominictarr/event-stream"
"event-stream@3.3.5","MIT","https://github.com/dominictarr/event-stream"
"event-stream@4.0.1","MIT","https://github.com/dominictarr/event-stream"
"eventemitter3@4.0.7","MIT","https://github.com/primus/eventemitter3"
"expand-brackets@2.1.4","MIT","https://github.com/jonschlinkert/expand-brackets"
"expand-tilde@2.0.2","MIT","https://github.com/jonschlinkert/expand-tilde"
"extend-shallow@1.1.4","MIT","https://github.com/jonschlinkert/extend-shallow"
"extend-shallow@2.0.1","MIT","https://github.com/jonschlinkert/extend-shallow"
"extend-shallow@3.0.2","MIT","https://github.com/jonschlinkert/extend-shallow"
"extend@2.0.2","MIT","https://github.com/justmoon/node-extend"
"extend@3.0.2","MIT","https://github.com/justmoon/node-extend"
"extglob@2.0.4","MIT","https://github.com/micromatch/extglob"
"fancy-log@1.3.3","MIT","https://github.com/gulpjs/fancy-log"
"faye-websocket@0.7.3","MIT","https://github.com/faye/faye-websocket-node"
"filesize@2.0.4","BSD-3","https://github.com/avoidwork/filesize.js"
"fill-range@4.0.0","MIT","https://github.com/jonschlinkert/fill-range"
"fill-range@7.0.1","MIT","https://github.com/jonschlinkert/fill-range"
"finalhandler@1.1.0","MIT","https://github.com/pillarjs/finalhandler"
"find-index@0.1.1","MIT","https://github.com/jsdf/find-index"
"find-up@1.1.2","MIT","https://github.com/sindresorhus/find-up"
"findup-sync@2.0.0","MIT","https://github.com/js-cli/node-findup-sync"
"fined@1.2.0","MIT","https://github.com/gulpjs/fined"
"first-chunk-stream@1.0.0","MIT","https://github.com/sindresorhus/first-chunk-stream"
"flagged-respawn@1.0.1","MIT","https://github.com/gulpjs/flagged-respawn"
"flush-write-stream@1.1.1","MIT","https://github.com/mafintosh/flush-write-stream"
"follow-redirects@1.15.2","MIT","https://github.com/follow-redirects/follow-redirects"
"for-in@1.0.2","MIT","https://github.com/jonschlinkert/for-in"
"for-own@1.0.0","MIT","https://github.com/jonschlinkert/for-own"
"fragment-cache@0.2.1","MIT","https://github.com/jonschlinkert/fragment-cache"
"fresh@0.5.2","MIT","https://github.com/jshttp/fresh"
"from@0.1.7","MIT","https://github.com/dominictarr/from"
"fs-extra@3.0.1","MIT","https://github.com/jprichardson/node-fs-extra"
"fs-mkdirp-stream@1.0.0","MIT","https://github.com/gulpjs/fs-mkdirp-stream"
"fs.realpath@1.0.0","ISC","https://github.com/isaacs/fs.realpath"
"function-bind@1.1.1","MIT","https://github.com/Raynos/function-bind"
"gaze@0.5.2","MIT","https://github.com/shama/gaze"
"get-caller-file@2.0.5","ISC","https://github.com/stefanpenner/get-caller-file"
"get-intrinsic@1.2.0","MIT","https://github.com/ljharb/get-intrinsic"
"get-stdin@4.0.1","MIT","https://github.com/sindresorhus/get-stdin"
"get-value@2.0.6","MIT","https://github.com/jonschlinkert/get-value"
"glob-parent@3.1.0","ISC","https://github.com/es128/glob-parent"
"glob-parent@5.1.2","ISC","https://github.com/gulpjs/glob-parent"
"glob-stream@3.1.18","MIT","https://github.com/wearefractal/glob-stream"
"glob-stream@6.1.0","MIT","https://github.com/gulpjs/glob-stream"
"glob-watcher@0.0.6","MIT","https://github.com/wearefractal/glob-watcher"
"glob2base@0.0.12","MIT","https://github.com/wearefractal/glob2base"
"glob@3.1.21","BSD*","https://github.com/isaacs/node-glob"
"glob@4.5.3","ISC","https://github.com/isaacs/node-glob"
"glob@5.0.15","ISC","https://github.com/isaacs/node-glob"
"glob@7.2.3","ISC","https://github.com/isaacs/node-glob"
"global-modules@1.0.0","MIT","https://github.com/jonschlinkert/global-modules"
"global-prefix@1.0.2","MIT","https://github.com/jonschlinkert/global-prefix"
"globby@2.1.0","MIT","https://github.com/sindresorhus/globby"
"globule@0.1.0","MIT","https://github.com/cowboy/node-globule"
"glogg@1.0.2","MIT","https://github.com/gulpjs/glogg"
"glyphicons-only-bootstrap@1.0.1","MIT","https://github.com/ohpyupi/glyphicons-only-bootstrap"
"graceful-fs@1.2.3","BSD*","https://github.com/isaacs/node-graceful-fs"
"graceful-fs@2.0.3","BSD*","https://github.com/isaacs/node-graceful-fs"
"graceful-fs@3.0.12","ISC","https://github.com/isaacs/node-graceful-fs"
"graceful-fs@4.2.10","ISC","https://github.com/isaacs/node-graceful-fs"
"graceful-readlink@1.0.1","MIT","https://github.com/zhiyelee/graceful-readlink"
"gulp-angular-templatecache@1.9.1","MIT","https://github.com/miickel/gulp-angular-templatecache"
"gulp-concat@2.6.0","MIT","https://github.com/wearefractal/gulp-concat"
"gulp-concat@2.6.1","MIT","https://github.com/contra/gulp-concat"
"gulp-cssmin@0.1.7","MIT","https://github.com/chilijung/gulp-cssmin"
"gulp-footer@1.0.5","MIT","https://github.com/tracker1/gulp-footer"
"gulp-header@1.8.2","MIT","https://github.com/tracker1/gulp-header"
"gulp-inject@3.0.0","MIT","https://github.com/klei/gulp-inject"
"gulp-jsmin@0.1.5","MIT","https://github.com/chilijung/gulp-jsmin"
"gulp-livereload@3.8.1","MIT","https://github.com/vohof/gulp-livereload"
"gulp-rename@1.1.0","MIT","https://github.com/hparra/gulp-rename"
"gulp-rename@1.4.0","MIT","https://github.com/hparra/gulp-rename"
"gulp-stylus@2.7.1","MIT","https://github.com/stevelacy/gulp-stylus"
"gulp-util@2.2.20","MIT","https://github.com/wearefractal/gulp-util"
"gulp-util@3.0.7","MIT","https://github.com/gulpjs/gulp-util"
"gulp-util@3.0.8","MIT","https://github.com/gulpjs/gulp-util"
"gulp@3.9.1","MIT","https://github.com/gulpjs/gulp"
"gulplog@1.0.0","MIT","https://github.com/gulpjs/gulplog"
"has-ansi@0.1.0","MIT","https://github.com/sindresorhus/has-ansi"
"has-ansi@2.0.0","MIT","https://github.com/sindresorhus/has-ansi"
"has-flag@3.0.0","MIT","https://github.com/sindresorhus/has-flag"
"has-flag@4.0.0","MIT","https://github.com/sindresorhus/has-flag"
"has-gulplog@0.1.0","MIT","https://github.com/gulpjs/has-gulplog"
"has-property-descriptors@1.0.0","MIT","https://github.com/inspect-js/has-property-descriptors"
"has-symbols@1.0.3","MIT","https://github.com/inspect-js/has-symbols"
"has-value@0.3.1","MIT","https://github.com/jonschlinkert/has-value"
"has-value@1.0.0","MIT","https://github.com/jonschlinkert/has-value"
"has-values@0.1.4","MIT","https://github.com/jonschlinkert/has-values"
"has-values@1.0.0","MIT","https://github.com/jonschlinkert/has-values"
"has@1.0.3","MIT","https://github.com/tarruda/has"
"homedir-polyfill@1.0.3","MIT","https://github.com/doowb/homedir-polyfill"
"hosted-git-info@2.8.9","ISC","https://github.com/npm/hosted-git-info"
"http-errors@1.3.1","MIT","https://github.com/jshttp/http-errors"
"http-errors@1.6.3","MIT","https://github.com/jshttp/http-errors"
"http-errors@2.0.0","MIT","https://github.com/jshttp/http-errors"
"http-parser-js@0.5.8","MIT","https://github.com/creationix/http-parser-js"
"http-proxy@1.18.1","MIT","https://github.com/http-party/node-http-proxy"
"iconv-lite@0.4.13","MIT","https://github.com/ashtuchkin/iconv-lite"
"iconv-lite@0.4.24","MIT","https://github.com/ashtuchkin/iconv-lite"
"immutable@3.8.2","MIT","https://github.com/facebook/immutable-js"
"indent-string@2.1.0","MIT","https://github.com/sindresorhus/indent-string"
"indx@0.2.3","MIT","https://github.com/jenius/indx"
"inflight@1.0.6","ISC","https://github.com/npm/inflight"
"inherits@1.0.2","ISC*","https://github.com/isaacs/inherits"
"inherits@2.0.3","ISC","https://github.com/isaacs/inherits"
"inherits@2.0.4","ISC","https://github.com/isaacs/inherits"
"ini@1.3.8","ISC","https://github.com/isaacs/ini"
"interpret@1.4.0","MIT","https://github.com/gulpjs/interpret"
"is-absolute@1.0.0","MIT","https://github.com/jonschlinkert/is-absolute"
"is-accessor-descriptor@0.1.6","MIT","https://github.com/jonschlinkert/is-accessor-descriptor"
"is-accessor-descriptor@1.0.0","MIT","https://github.com/jonschlinkert/is-accessor-descriptor"
"is-arrayish@0.2.1","MIT","https://github.com/qix-/node-is-arrayish"
"is-binary-path@2.1.0","MIT","https://github.com/sindresorhus/is-binary-path"
"is-buffer@1.1.6","MIT","https://github.com/feross/is-buffer"
"is-core-module@2.11.0","MIT","https://github.com/inspect-js/is-core-module"
"is-data-descriptor@0.1.4","MIT","https://github.com/jonschlinkert/is-data-descriptor"
"is-data-descriptor@1.0.0","MIT","https://github.com/jonschlinkert/is-data-descriptor"
"is-descriptor@0.1.6","MIT","https://github.com/jonschlinkert/is-descriptor"
"is-descriptor@1.0.2","MIT","https://github.com/jonschlinkert/is-descriptor"
"is-extendable@0.1.1","MIT","https://github.com/jonschlinkert/is-extendable"
"is-extendable@1.0.1","MIT","https://github.com/jonschlinkert/is-extendable"
"is-extglob@2.1.1","MIT","https://github.com/jonschlinkert/is-extglob"
"is-finite@1.1.0","MIT","https://github.com/sindresorhus/is-finite"
"is-fullwidth-code-point@3.0.0","MIT","https://github.com/sindresorhus/is-fullwidth-code-point"
"is-glob@3.1.0","MIT","https://github.com/jonschlinkert/is-glob"
"is-glob@4.0.3","MIT","https://github.com/micromatch/is-glob"
"is-negated-glob@1.0.0","MIT","https://github.com/jonschlinkert/is-negated-glob"
"is-number-like@1.0.8","ISC","https://github.com/vigour-io/is-number-like"
"is-number@3.0.0","MIT","https://github.com/jonschlinkert/is-number"
"is-number@7.0.0","MIT","https://github.com/jonschlinkert/is-number"
"is-plain-object@2.0.4","MIT","https://github.com/jonschlinkert/is-plain-object"
"is-relative@1.0.0","MIT","https://github.com/jonschlinkert/is-relative"
"is-unc-path@1.0.0","MIT","https://github.com/jonschlinkert/is-unc-path"
"is-utf8@0.2.1","MIT","https://github.com/wayfind/is-utf8"
"is-valid-glob@1.0.0","MIT","https://github.com/jonschlinkert/is-valid-glob"
"is-windows@1.0.2","MIT","https://github.com/jonschlinkert/is-windows"
"is-wsl@1.1.0","MIT","https://github.com/sindresorhus/is-wsl"
"isarray@0.0.1","MIT","https://github.com/juliangruber/isarray"
"isarray@1.0.0","MIT","https://github.com/juliangruber/isarray"
"isexe@2.0.0","ISC","https://github.com/isaacs/isexe"
"isobject@2.1.0","MIT","https://github.com/jonschlinkert/isobject"
"isobject@3.0.1","MIT","https://github.com/jonschlinkert/isobject"
"js-string-escape@1.0.1","MIT","https://github.com/joliss/js-string-escape"
"jsmin-sourcemap@0.16.0","UNLICENSE","https://github.com/twolfson/node-jsmin-sourcemap"
"jsmin2@1.1.9","MIT*","https://github.com/twolfson/node-jsmin2"
"json-parse-even-better-errors@2.3.1","MIT","https://github.com/npm/json-parse-even-better-errors"
"json-stable-stringify-without-jsonify@1.0.1","MIT","https://github.com/samn/json-stable-stringify"
"jsonfile@3.0.1","MIT","https://github.com/jprichardson/node-jsonfile"
"kind-of@1.1.0","MIT","https://github.com/jonschlinkert/kind-of"
"kind-of@3.2.2","MIT","https://github.com/jonschlinkert/kind-of"
"kind-of@4.0.0","MIT","https://github.com/jonschlinkert/kind-of"
"kind-of@5.1.0","MIT","https://github.com/jonschlinkert/kind-of"
"kind-of@6.0.3","MIT","https://github.com/jonschlinkert/kind-of"
"lazy-cache@1.0.4","MIT","https://github.com/jonschlinkert/lazy-cache"
"lazystream@1.0.1","MIT","https://github.com/jpommerening/node-lazystream"
"lead@1.0.0","MIT","https://github.com/gulpjs/lead"
"license-checker@25.0.1","BSD-3-Clause","https://github.com/davglass/license-checker"
"liftoff@2.5.0","MIT","https://github.com/js-cli/js-liftoff"
"limiter@1.1.5","MIT","https://github.com/jhurliman/node-rate-limiter"
"livereload-js@2.4.0","MIT","https://github.com/livereload/livereload-js"
"load-json-file@1.1.0","MIT","https://github.com/sindresorhus/load-json-file"
"localtunnel@2.0.2","MIT","https://github.com/localtunnel/localtunnel"
"lodash._baseassign@3.2.0","MIT","https://github.com/lodash/lodash"
"lodash._basecopy@3.0.1","MIT","https://github.com/lodash/lodash"
"lodash._basetostring@3.0.1","MIT","https://github.com/lodash/lodash"
"lodash._basevalues@3.0.0","MIT","https://github.com/lodash/lodash"
"lodash._bindcallback@3.0.1","MIT","https://github.com/lodash/lodash"
"lodash._createassigner@3.1.1","MIT","https://github.com/lodash/lodash"
"lodash._escapehtmlchar@2.4.1","MIT","https://github.com/lodash/lodash-cli"
"lodash._escapestringchar@2.4.1","MIT","https://github.com/lodash/lodash-cli"
"lodash._getnative@3.9.1","MIT","https://github.com/lodash/lodash"
"lodash._htmlescapes@2.4.1","MIT","https://github.com/lodash/lodash-cli"
"lodash._isiterateecall@3.0.9","MIT","https://github.com/lodash/lodash"
"lodash._isnative@2.4.1","MIT","https://github.com/lodash/lodash-cli"
"lodash._objecttypes@2.4.1","MIT","https://github.com/lodash/lodash-cli"
"lodash._reescape@3.0.0","MIT","https://github.com/lodash/lodash"
"lodash._reevaluate@3.0.0","MIT","https://github.com/lodash/lodash"
"lodash._reinterpolate@2.4.1","MIT","https://github.com/lodash/lodash-cli"
"lodash._reinterpolate@3.0.0","MIT","https://github.com/lodash/lodash"
"lodash._reunescapedhtml@2.4.1","MIT","https://github.com/lodash/lodash-cli"
"lodash._root@3.0.1","MIT","https://github.com/lodash/lodash"
"lodash._shimkeys@2.4.1","MIT","https://github.com/lodash/lodash-cli"
"lodash.assign@3.2.0","MIT","https://github.com/lodash/lodash"
"lodash.assign@4.2.0","MIT","https://github.com/lodash/lodash"
"lodash.clone@4.5.0","MIT","https://github.com/lodash/lodash"
"lodash.defaults@2.4.1","MIT","https://github.com/lodash/lodash-cli"
"lodash.defaults@4.2.0","MIT","https://github.com/lodash/lodash"
"lodash.escape@2.4.1","MIT","https://github.com/lodash/lodash-cli"
"lodash.escape@3.2.0","MIT","https://github.com/lodash/lodash"
"lodash.flatten@4.4.0","MIT","https://github.com/lodash/lodash"
"lodash.isarguments@3.1.0","MIT","https://github.com/lodash/lodash"
"lodash.isarray@3.0.4","MIT","https://github.com/lodash/lodash"
"lodash.isfinite@3.3.2","MIT","https://github.com/lodash/lodash"
"lodash.isobject@2.4.1","MIT","https://github.com/lodash/lodash-cli"
"lodash.keys@2.4.1","MIT","https://github.com/lodash/lodash-cli"
"lodash.keys@3.1.2","MIT","https://github.com/lodash/lodash"
"lodash.merge@4.6.2","MIT","https://github.com/lodash/lodash"
"lodash.partialright@4.2.1","MIT","https://github.com/lodash/lodash"
"lodash.pick@4.4.0","MIT","https://github.com/lodash/lodash"
"lodash.restparam@3.6.1","MIT","https://github.com/lodash/lodash"
"lodash.template@2.4.1","MIT","https://github.com/lodash/lodash-cli"
"lodash.template@3.6.2","MIT","https://github.com/lodash/lodash"
"lodash.templatesettings@2.4.1","MIT","https://github.com/lodash/lodash-cli"
"lodash.templatesettings@3.1.1","MIT","https://github.com/lodash/lodash"
"lodash.uniq@4.5.0","MIT","https://github.com/lodash/lodash"
"lodash.values@2.4.1","MIT","https://github.com/lodash/lodash-cli"
"lodash@1.0.2","MIT","https://github.com/lodash/lodash"
"lodash@4.17.21","MIT","https://github.com/lodash/lodash"
"longest@1.0.1","MIT","https://github.com/jonschlinkert/longest"
"loud-rejection@1.6.0","MIT","https://github.com/sindresorhus/loud-rejection"
"lru-cache@2.7.3","ISC","https://github.com/isaacs/node-lru-cache"
"main-bower-files@2.13.3","MIT","https://github.com/ck86/main-bower-files"
"make-iterator@1.0.1","MIT","https://github.com/jonschlinkert/make-iterator"
"map-cache@0.2.2","MIT","https://github.com/jonschlinkert/map-cache"
"map-obj@1.0.1","MIT","https://github.com/sindresorhus/map-obj"
"map-stream@0.0.4","Custom: https://github.com/dominictarr/event-stream","https://github.com/dominictarr/map-stream"
"map-stream@0.0.7","MIT","https://github.com/dominictarr/map-stream"
"map-stream@0.1.0","Custom: https://github.com/dominictarr/event-stream","https://github.com/dominictarr/map-stream"
"map-visit@1.0.0","MIT","https://github.com/jonschlinkert/map-visit"
"media-typer@0.3.0","MIT","https://github.com/jshttp/media-typer"
"meow@3.7.0","MIT","https://github.com/sindresorhus/meow"
"micromatch@3.1.10","MIT","https://github.com/micromatch/micromatch"
"micromatch@4.0.5","MIT","https://github.com/micromatch/micromatch"
"mime-db@1.52.0","MIT","https://github.com/jshttp/mime-db"
"mime-types@2.1.35","MIT","https://github.com/jshttp/mime-types"
"mime@1.4.1","MIT","https://github.com/broofa/node-mime"
"mini-lr@0.1.9","MIT","https://github.com/elwayman02/mini-lr"
"minimatch@0.2.14","MIT","https://github.com/isaacs/minimatch"
"minimatch@2.0.10","ISC","https://github.com/isaacs/minimatch"
"minimatch@3.1.2","ISC","https://github.com/isaacs/minimatch"
"minimist@0.2.4","MIT","https://github.com/minimistjs/minimist"
"minimist@1.2.8","MIT","https://github.com/minimistjs/minimist"
"mitt@1.2.0","MIT","https://github.com/developit/mitt"
"mixin-deep@1.3.2","MIT","https://github.com/jonschlinkert/mixin-deep"
"mkdirp@0.5.6","MIT","https://github.com/substack/node-mkdirp"
"mkdirp@1.0.4","MIT","https://github.com/isaacs/node-mkdirp"
"ms@0.7.1","MIT*","https://github.com/guille/ms.js"
"ms@2.0.0","MIT","https://github.com/zeit/ms"
"ms@2.1.2","MIT","https://github.com/zeit/ms"
"ms@2.1.3","MIT","https://github.com/vercel/ms"
"multimatch@2.1.0","MIT","https://github.com/sindresorhus/multimatch"
"multipipe@0.1.2","MIT","https://github.com/juliangruber/multipipe"
"nanomatch@1.2.13","MIT","https://github.com/micromatch/nanomatch"
"natives@1.1.6","ISC","https://github.com/addaleax/natives"
"negotiator@0.6.3","MIT","https://github.com/jshttp/negotiator"
"node-gyp-build@4.6.0","MIT","https://github.com/prebuild/node-gyp-build"
"nopt@4.0.3","ISC","https://github.com/npm/nopt"
"normalize-package-data@2.5.0","BSD-2-Clause","https://github.com/npm/normalize-package-data"
"normalize-path@2.1.1","MIT","https://github.com/jonschlinkert/normalize-path"
"normalize-path@3.0.0","MIT","https://github.com/jonschlinkert/normalize-path"
"now-and-later@2.0.1","MIT","https://github.com/gulpjs/now-and-later"
"npm-normalize-package-bin@1.0.1","ISC","https://github.com/npm/npm-normalize-package-bin"
"object-assign@3.0.0","MIT","https://github.com/sindresorhus/object-assign"
"object-assign@4.1.1","MIT","https://github.com/sindresorhus/object-assign"
"object-copy@0.1.0","MIT","https://github.com/jonschlinkert/object-copy"
"object-inspect@1.12.3","MIT","https://github.com/inspect-js/object-inspect"
"object-keys@1.1.1","MIT","https://github.com/ljharb/object-keys"
"object-visit@1.0.1","MIT","https://github.com/jonschlinkert/object-visit"
"object.assign@4.1.4","MIT","https://github.com/ljharb/object.assign"
"object.defaults@1.1.0","MIT","https://github.com/jonschlinkert/object.defaults"
"object.map@1.0.1","MIT","https://github.com/jonschlinkert/object.map"
"object.pick@1.3.0","MIT","https://github.com/jonschlinkert/object.pick"
"on-finished@2.3.0","MIT","https://github.com/jshttp/on-finished"
"once@1.3.3","ISC","https://github.com/isaacs/once"
"once@1.4.0","ISC","https://github.com/isaacs/once"
"openurl@1.1.1","MIT","https://github.com/rauschma/openurl"
"opn@5.3.0","MIT","https://github.com/sindresorhus/opn"
"orchestrator@0.3.8","MIT","https://github.com/robrich/orchestrator"
"ordered-read-streams@0.1.0","MIT","https://github.com/armed/ordered-read-streams"
"ordered-read-streams@1.0.1","MIT","https://github.com/armed/ordered-read-streams"
"os-homedir@1.0.2","MIT","https://github.com/sindresorhus/os-homedir"
"os-tmpdir@1.0.2","MIT","https://github.com/sindresorhus/os-tmpdir"
"osenv@0.1.5","ISC","https://github.com/npm/osenv"
"parse-filepath@1.0.2","MIT","https://github.com/jonschlinkert/parse-filepath"
"parse-json@2.2.0","MIT","https://github.com/sindresorhus/parse-json"
"parse-node-version@1.0.1","MIT","https://github.com/gulpjs/parse-node-version"
"parse-passwd@1.0.0","MIT","https://github.com/doowb/parse-passwd"
"parseurl@1.3.3","MIT","https://github.com/pillarjs/parseurl"
"pascalcase@0.1.1","MIT","https://github.com/jonschlinkert/pascalcase"
"path-dirname@1.0.2","MIT","https://github.com/es128/path-dirname"
"path-exists@1.0.0","MIT","https://github.com/sindresorhus/path-exists"
"path-exists@2.1.0","MIT","https://github.com/sindresorhus/path-exists"
"path-is-absolute@1.0.1","MIT","https://github.com/sindresorhus/path-is-absolute"
"path-parse@1.0.7","MIT","https://github.com/jbgutierrez/path-parse"
"path-root-regex@0.1.2","MIT","https://github.com/regexhq/path-root-regex"
"path-root@0.1.1","MIT","https://github.com/jonschlinkert/path-root"
"path-type@1.1.0","MIT","https://github.com/sindresorhus/path-type"
"pause-stream@0.0.11","MIT,Apache2","https://github.com/dominictarr/pause-stream"
"picomatch@2.3.1","MIT","https://github.com/micromatch/picomatch"
"pify@2.3.0","MIT","https://github.com/sindresorhus/pify"
"pinkie-promise@2.0.1","MIT","https://github.com/floatdrop/pinkie-promise"
"pinkie@2.0.4","MIT","https://github.com/floatdrop/pinkie"
"plugin-error@0.1.2","MIT","https://github.com/jonschlinkert/plugin-error"
"portscanner@2.2.0","MIT","https://github.com/baalexander/node-portscanner"
"posix-character-classes@0.1.1","MIT","https://github.com/jonschlinkert/posix-character-classes"
"pretty-hrtime@1.0.3","MIT","https://github.com/robrich/pretty-hrtime"
"process-nextick-args@2.0.1","MIT","https://github.com/calvinmetcalf/process-nextick-args"
"pump@2.0.1","MIT","https://github.com/mafintosh/pump"
"pumpify@1.5.1","MIT","https://github.com/mafintosh/pumpify"
"qs@2.2.5","BSD","https://github.com/hapijs/qs"
"qs@5.2.0","BSD-3-Clause","https://github.com/hapijs/qs"
"qs@6.11.0","BSD-3-Clause","https://github.com/ljharb/qs"
"range-parser@1.2.1","MIT","https://github.com/jshttp/range-parser"
"raw-body@2.1.7","MIT","https://github.com/stream-utils/raw-body"
"raw-body@2.5.2","MIT","https://github.com/stream-utils/raw-body"
"read-installed@4.0.3","ISC","https://github.com/isaacs/read-installed"
"read-package-json@2.1.2","ISC","https://github.com/npm/read-package-json"
"read-pkg-up@1.0.1","MIT","https://github.com/sindresorhus/read-pkg-up"
"read-pkg@1.1.0","MIT","https://github.com/sindresorhus/read-pkg"
"readable-stream@1.0.34","MIT","https://github.com/isaacs/readable-stream"
"readable-stream@1.1.14","MIT","https://github.com/isaacs/readable-stream"
"readable-stream@2.3.8","MIT","https://github.com/nodejs/readable-stream"
"readdir-scoped-modules@1.1.0","ISC","https://github.com/npm/readdir-scoped-modules"
"readdirp@3.6.0","MIT","https://github.com/paulmillr/readdirp"
"rechoir@0.6.2","MIT","https://github.com/tkellen/node-rechoir"
"redent@1.0.0","MIT","https://github.com/sindresorhus/redent"
"regex-not@1.0.2","MIT","https://github.com/jonschlinkert/regex-not"
"remove-bom-buffer@3.0.0","MIT","https://github.com/jonschlinkert/remove-bom-buffer"
"remove-bom-stream@1.2.0","MIT","https://github.com/gulpjs/remove-bom-stream"
"remove-trailing-separator@1.1.0","ISC","https://github.com/darsain/remove-trailing-separator"
"repeat-element@1.1.4","MIT","https://github.com/jonschlinkert/repeat-element"
"repeat-string@1.6.1","MIT","https://github.com/jonschlinkert/repeat-string"
"repeating@2.0.1","MIT","https://github.com/sindresorhus/repeating"
"replace-ext@0.0.1","MIT","https://github.com/wearefractal/replace-ext"
"replace-ext@1.0.1","MIT","https://github.com/gulpjs/replace-ext"
"require-directory@2.1.1","MIT","https://github.com/troygoode/node-require-directory"
"requires-port@1.0.0","MIT","https://github.com/unshiftio/requires-port"
"resolve-dir@1.0.1","MIT","https://github.com/jonschlinkert/resolve-dir"
"resolve-options@1.1.0","MIT","https://github.com/gulpjs/resolve-options"
"resolve-url@0.2.1","MIT","https://github.com/lydell/resolve-url"
"resolve@1.22.1","MIT","https://github.com/browserify/resolve"
"resp-modifier@6.0.2","MIT","https://github.com/shakyshane/resp-modifier"
"ret@0.1.15","MIT","https://github.com/fent/ret.js"
"right-align@0.1.3","MIT","https://github.com/jonschlinkert/right-align"
"rx@4.1.0","Apache-2.0","https://github.com/Reactive-Extensions/RxJS"
"rxjs@5.5.12","Apache-2.0","https://github.com/ReactiveX/RxJS"
"safe-buffer@5.1.2","MIT","https://github.com/feross/safe-buffer"
"safe-buffer@5.2.1","MIT","https://github.com/feross/safe-buffer"
"safe-regex@1.1.0","MIT","https://github.com/substack/safe-regex"
"safer-buffer@2.1.2","MIT","https://github.com/ChALkeR/safer-buffer"
"sax@1.2.4","ISC","https://github.com/isaacs/sax-js"
"semver@4.3.6","ISC","https://github.com/npm/node-semver"
"semver@5.7.1","ISC","https://github.com/npm/node-semver"
"semver@6.3.0","ISC","https://github.com/npm/node-semver"
"send@0.16.2","MIT","https://github.com/pillarjs/send"
"sequencify@0.0.7","MIT","https://github.com/robrich/sequencify"
"serve-index@1.9.1","MIT","https://github.com/expressjs/serve-index"
"serve-static@1.13.2","MIT","https://github.com/expressjs/serve-static"
"server-destroy@1.0.1","ISC","https://github.com/isaacs/server-destroy"
"set-value@2.0.1","MIT","https://github.com/jonschlinkert/set-value"
"setprototypeof@1.1.0","ISC","https://github.com/wesleytodd/setprototypeof"
"setprototypeof@1.2.0","ISC","https://github.com/wesleytodd/setprototypeof"
"side-channel@1.0.4","MIT","https://github.com/ljharb/side-channel"
"sigmund@1.0.1","ISC","https://github.com/isaacs/sigmund"
"signal-exit@3.0.7","ISC","https://github.com/tapjs/signal-exit"
"slide@1.1.6","ISC","https://github.com/isaacs/slide-flow-control"
"snapdragon-node@2.1.1","MIT","https://github.com/jonschlinkert/snapdragon-node"
"snapdragon-util@3.0.1","MIT","https://github.com/jonschlinkert/snapdragon-util"
"snapdragon@0.8.2","MIT","https://github.com/jonschlinkert/snapdragon"
"socket.io-adapter@2.5.2","MIT","https://github.com/socketio/socket.io-adapter"
"socket.io-client@4.6.1","MIT","https://github.com/socketio/socket.io-client"
"socket.io-parser@4.2.2","MIT","https://github.com/socketio/socket.io-parser"
"socket.io@4.6.1","MIT","https://github.com/socketio/socket.io"
"source-map-index-generator@0.1.2","MIT","https://github.com/twolfson/source-map-index-generator"
"source-map-resolve@0.5.3","MIT","https://github.com/lydell/source-map-resolve"
"source-map-url@0.4.1","MIT","https://github.com/lydell/source-map-url"
"source-map@0.1.43","BSD","https://github.com/mozilla/source-map"
"source-map@0.4.4","BSD-3-Clause","https://github.com/mozilla/source-map"
"source-map@0.5.7","BSD-3-Clause","https://github.com/mozilla/source-map"
"source-map@0.6.1","BSD-3-Clause","https://github.com/mozilla/source-map"
"source-map@0.7.4","BSD-3-Clause","https://github.com/mozilla/source-map"
"sparkles@1.0.1","MIT","https://github.com/gulpjs/sparkles"
"spdx-compare@1.0.0","MIT","https://github.com/kemitchell/spdx-compare.js"
"spdx-correct@3.1.1","Apache-2.0","https://github.com/jslicense/spdx-correct.js"
"spdx-exceptions@2.3.0","CC-BY-3.0","https://github.com/kemitchell/spdx-exceptions.json"
"spdx-expression-parse@3.0.1","MIT","https://github.com/jslicense/spdx-expression-parse.js"
"spdx-license-ids@3.0.12","CC0-1.0","https://github.com/jslicense/spdx-license-ids"
"spdx-ranges@2.1.1","(MIT AND CC-BY-3.0)","https://github.com/kemitchell/spdx-ranges.js"
"spdx-satisfies@4.0.1","MIT","https://github.com/kemitchell/spdx-satisfies.js"
"split-string@3.1.0","MIT","https://github.com/jonschlinkert/split-string"
"split@0.3.3","MIT","https://github.com/dominictarr/split"
"split@1.0.1","MIT","https://github.com/dominictarr/split"
"static-extend@0.1.2","MIT","https://github.com/jonschlinkert/static-extend"
"statuses@1.3.1","MIT","https://github.com/jshttp/statuses"
"statuses@1.4.0","MIT","https://github.com/jshttp/statuses"
"statuses@1.5.0","MIT","https://github.com/jshttp/statuses"
"statuses@2.0.1","MIT","https://github.com/jshttp/statuses"
"stream-combiner@0.0.4","MIT","https://github.com/dominictarr/stream-combiner"
"stream-combiner@0.2.2","MIT","https://github.com/dominictarr/stream-combiner"
"stream-consume@0.1.1","MIT","https://github.com/aroneous/stream-consume"
"stream-shift@1.0.1","MIT","https://github.com/mafintosh/stream-shift"
"stream-throttle@0.1.3","BSD-3-Clause","https://github.com/tjgq/node-stream-throttle"
"string-width@4.2.3","MIT","https://github.com/sindresorhus/string-width"
"string_decoder@0.10.31","MIT","https://github.com/rvagg/string_decoder"
"string_decoder@1.1.1","MIT","https://github.com/nodejs/string_decoder"
"strip-ansi@0.3.0","MIT","https://github.com/sindresorhus/strip-ansi"
"strip-ansi@3.0.1","MIT","https://github.com/chalk/strip-ansi"
"strip-ansi@6.0.1","MIT","https://github.com/chalk/strip-ansi"
"strip-bom@1.0.0","MIT","https://github.com/sindresorhus/strip-bom"
"strip-bom@2.0.0","MIT","https://github.com/sindresorhus/strip-bom"
"strip-indent@1.0.1","MIT","https://github.com/sindresorhus/strip-indent"
"strip-json-comments@1.0.4","MIT","https://github.com/sindresorhus/strip-json-comments"
"stylus@0.54.8","MIT","https://github.com/stylus/stylus"
"supports-color@0.2.0","MIT","https://github.com/sindresorhus/supports-color"
"supports-color@2.0.0","MIT","https://github.com/chalk/supports-color"
"supports-color@5.5.0","MIT","https://github.com/chalk/supports-color"
"supports-color@7.2.0","MIT","https://github.com/chalk/supports-color"
"supports-preserve-symlinks-flag@1.0.0","MIT","https://github.com/inspect-js/node-supports-preserve-symlinks-flag"
"symbol-observable@1.0.1","MIT","https://github.com/blesh/symbol-observable"
"temp-write@0.1.1","MIT","https://github.com/sindresorhus/temp-write"
"tempfile@0.1.3","MIT","https://github.com/sindresorhus/tempfile"
"through2-filter@3.0.0","MIT","https://github.com/brycebaril/through2-filter"
"through2@0.5.1","MIT","https://github.com/rvagg/through2"
"through2@0.6.5","MIT","https://github.com/rvagg/through2"
"through2@2.0.5","MIT","https://github.com/rvagg/through2"
"through@2.3.8","MIT","https://github.com/dominictarr/through"
"tildify@1.2.0","MIT","https://github.com/sindresorhus/tildify"
"time-stamp@1.1.0","MIT","https://github.com/jonschlinkert/time-stamp"
"to-absolute-glob@2.0.2","MIT","https://github.com/jonschlinkert/to-absolute-glob"
"to-object-path@0.3.0","MIT","https://github.com/jonschlinkert/to-object-path"
"to-regex-range@2.1.1","MIT","https://github.com/micromatch/to-regex-range"
"to-regex-range@5.0.1","MIT","https://github.com/micromatch/to-regex-range"
"to-regex@3.0.2","MIT","https://github.com/jonschlinkert/to-regex"
"to-through@2.0.0","MIT","https://github.com/gulpjs/to-through"
"toidentifier@1.0.1","MIT","https://github.com/component/toidentifier"
"treeify@1.1.0","MIT","https://github.com/notatestuser/treeify"
"trim-newlines@1.0.0","MIT","https://github.com/sindresorhus/trim-newlines"
"type-is@1.6.18","MIT","https://github.com/jshttp/type-is"
"typescript@4.9.5","Apache-2.0","https://github.com/Microsoft/TypeScript"
"ua-parser-js@1.0.33","MIT","https://github.com/faisalman/ua-parser-js"
"uglify-js@2.8.29","BSD-2-Clause","https://github.com/mishoo/UglifyJS2"
"uglify-to-browserify@1.0.2","MIT","https://github.com/ForbesLindesay/uglify-to-browserify"
"unc-path-regex@0.1.2","MIT","https://github.com/regexhq/unc-path-regex"
"union-value@1.0.1","MIT","https://github.com/jonschlinkert/union-value"
"unique-stream@1.0.0","BSD*","https://github.com/eugeneware/unique-stream"
"unique-stream@2.3.1","MIT","https://github.com/eugeneware/unique-stream"
"universalify@0.1.2","MIT","https://github.com/RyanZim/universalify"
"unpipe@1.0.0","MIT","https://github.com/stream-utils/unpipe"
"unset-value@1.0.0","MIT","https://github.com/jonschlinkert/unset-value"
"urix@0.1.0","MIT","https://github.com/lydell/urix"
"use@3.1.1","MIT","https://github.com/jonschlinkert/use"
"user-home@1.1.1","MIT","https://github.com/sindresorhus/user-home"
"utf-8-validate@5.0.10","MIT","https://github.com/websockets/utf-8-validate"
"util-deprecate@1.0.2","MIT","https://github.com/TooTallNate/util-deprecate"
"util-extend@1.0.3","MIT","https://github.com/isaacs/util-extend"
"utils-merge@1.0.1","MIT","https://github.com/jaredhanson/utils-merge"
"uuid@1.4.2","Custom: https://secure.travis-ci.org/defunctzombie/node-uuid.png","https://github.com/shtylman/node-uuid"
"v8flags@2.1.1","MIT","https://github.com/tkellen/node-v8flags"
"validate-npm-package-license@3.0.4","Apache-2.0","https://github.com/kemitchell/validate-npm-package-license.js"
"value-or-function@3.0.0","MIT","https://github.com/gulpjs/value-or-function"
"vary@1.1.2","MIT","https://github.com/jshttp/vary"
"vinyl-fs@0.3.14","MIT","https://github.com/wearefractal/vinyl-fs"
"vinyl-fs@3.0.3","MIT","https://github.com/gulpjs/vinyl-fs"
"vinyl-sourcemap@1.1.0","MIT","https://github.com/gulpjs/vinyl-sourcemap"
"vinyl-sourcemaps-apply@0.2.1","ISC","https://github.com/floridoo/vinyl-sourcemaps-apply"
"vinyl@0.2.3","MIT","https://github.com/wearefractal/vinyl"
"vinyl@0.4.6","MIT","https://github.com/wearefractal/vinyl"
"vinyl@0.5.3","MIT","https://github.com/wearefractal/vinyl"
"vinyl@2.2.1","MIT","https://github.com/gulpjs/vinyl"
"websocket-driver@0.7.4","Apache-2.0","https://github.com/faye/websocket-driver-node"
"websocket-extensions@0.1.4","Apache-2.0","https://github.com/faye/websocket-extensions-node"
"when@3.7.8","MIT","https://github.com/cujojs/when"
"which@1.3.1","ISC","https://github.com/isaacs/node-which"
"window-size@0.1.0","MIT","https://github.com/jonschlinkert/window-size"
"wordwrap@0.0.2","MIT*","https://github.com/substack/node-wordwrap"
"wrap-ansi@7.0.0","MIT","https://github.com/chalk/wrap-ansi"
"wrappy@1.0.2","ISC","https://github.com/npm/wrappy"
"ws@8.11.0","MIT","https://github.com/websockets/ws"
"xmlhttprequest-ssl@2.0.0","MIT","https://github.com/mjwwit/node-XMLHttpRequest"
"xtend@3.0.0","MIT","https://github.com/Raynos/xtend"
"xtend@4.0.2","MIT","https://github.com/Raynos/xtend"
"y18n@5.0.8","ISC","https://github.com/yargs/y18n"
"yargs-parser@20.2.9","ISC","https://github.com/yargs/yargs-parser"
"yargs-parser@21.1.1","ISC","https://github.com/yargs/yargs-parser"
"yargs@17.1.1","MIT","https://github.com/yargs/yargs"
"yargs@17.7.1","MIT","https://github.com/yargs/yargs"
"yargs@3.10.0","MIT","https://github.com/bcoe/yargs"